source_id,external_field,external_unit,external_description,target_schema,target_table,target_field,target_unit,transform_rule,required,confidence,notes
ALL,title/name,,来源标题或数据集名称,hainan_blue_carbon_core,t_data_source,source_name,,清洗空格并保留原名,yes,high,来源主字段
ALL,publisher/organization,,发布机构,hainan_blue_carbon_core,t_data_source,publisher,,机构全称规范化,yes,high,政府和平台保留全称
ALL,url,URL,来源页面,hainan_blue_carbon_core,t_data_source,source_url,URL,原样记录,yes,high,可追溯必填
ALL,publication_date,date,发布时间或数据版本时间,hainan_blue_carbon_core,t_data_source,publication_date,date,不确定时写 unknown,no,medium,不得用访问日期替代
ALL,access_date,date,访问时间,hainan_blue_carbon_core,t_data_source,access_date,date,统一为 2026-05-25,yes,high,本轮访问日
ALL,license,text,许可证或使用限制,hainan_blue_carbon_core,t_data_source,license_note,text,摘要化记录,yes,medium,不复制长文本
SRC-GMW-002,year,year,GMW 年份,hainan_blue_carbon_satellite,t_satellite_product_metadata,temporal_scope,year_range,聚合为 1996-2020,yes,high,产品元数据
SRC-GMW-002,mangrove_extent,raster/vector,红树林分布,hainan_blue_carbon_satellite,t_mangrove_cover_result,cover_area,ha,后续区域裁剪统计,no,medium,本轮不计算面积
SRC-RS-001,CLOUDY_PIXEL_PERCENTAGE,percent,云量元数据,hainan_blue_carbon_satellite,t_satellite_product_metadata,cloud_quality_field,text,记录字段名,no,high,Sentinel-2
SRC-RS-001,SCL/code,code,场景分类层,hainan_blue_carbon_satellite,t_satellite_product_metadata,quality_band,text,记录字段名,no,high,云掩膜依据
SRC-RS-001,B2/B3/B4/B8,reflectance,可见光和近红外波段,hainan_blue_carbon_satellite,t_satellite_region_metric,ndvi_inputs,reflectance,后续 GEE 计算,no,high,NDVI 输入
SRC-RS-002,Gpp,product_unit,年度总初级生产力,hainan_blue_carbon_flux,t_flux_or_proxy_candidate,proxy_value,original_unit,保留原始单位并标记 is_proxy=1,no,high,替代通量
SRC-RS-002,Npp,product_unit,年度净初级生产力,hainan_blue_carbon_flux,t_flux_or_proxy_candidate,proxy_value,original_unit,保留原始单位并标记 is_proxy=1,no,high,替代通量
SRC-LIT-001,SOC,original_unit,土壤有机碳,hainan_blue_carbon_intl,t_literature_carbon_record,carbon_value,original_and_standard_unit,人工核对表格后录入,no,medium,页码表号待复核
SRC-LIT-001,soil depth,cm,土层深度,hainan_blue_carbon_ground,t_soil_sample_candidate,soil_depth_cm,cm,原样记录,no,medium,只有区域均值时不造样品
SRC-LIT-002,ecosystem type,text,生态系统类型,hainan_blue_carbon_intl,t_literature_carbon_record,ecosystem_type,text,规范为 mangrove/seagrass/salt_marsh,yes,high,省级清单
SRC-LIT-002,GHG emissions,original_unit,温室气体排放,hainan_blue_carbon_flux,t_flux_or_proxy_candidate,flux_value,original_unit,区分 CO2 CH4 N2O,no,medium,文献候选
SRC-ALLO-001,dbh,cm,胸径,hainan_blue_carbon_model,t_model_reference_dataset,dbh_cm,cm,单位统一为 cm,no,high,CatBoost 输入
SRC-ALLO-001,height,m,树高,hainan_blue_carbon_model,t_model_reference_dataset,tree_height_m,m,单位统一为 m,no,high,CatBoost 输入
SRC-ALLO-001,biomass,kg_or_Mg,生物量,hainan_blue_carbon_model,t_model_reference_dataset,biomass_value,original_unit,记录原始单位和转换规则,no,high,模型参考
SRC-METHOD-001,method section,text,方法章节,hainan_blue_carbon_knowledge,blue_carbon_knowledge_sources,knowledge_topic,text,按主题拆分,no,high,知识库候选
