source_id,source_name,source_type,publisher,author,publication_date,access_date,url,doi,spatial_scope,temporal_scope,data_format,download_url,license_note,quality_level,hnblue_domain,target_schema,target_table,usable_fields,limitations,notes
SRC-GOV-001,"海南省红树林保护规划相关公开页面",policy,"国家林草局/海南相关部门","",2025,2026-05-25,https://www.forestry.gov.cn/,"","海南省","规划期待复核","HTML/PDF","","页面未见明确开放数据许可",B,core,hainan_blue_carbon_core,t_data_source,"规划名称;保护对象;政策依据","未取得机器可读边界","政策和区域背景"
SRC-GOV-002,"海南蓝碳试点与生态产品信息",government_report,"海南省人民政府","",2023-07,2026-05-25,https://en.hainan.gov.cn/hainan/zmgyshj/202307/3f612bd40e1941a080bf7abef3b71c69.shtml,"","海南省;文昌八门湾","2022-2023","HTML","","政府网页使用限制待复核",B,core,hainan_blue_carbon_core,t_data_source,"sample_count;sediment_core_count;uav_survey_note","无原始表格下载","记录项目线索和待接入数据"
SRC-GOV-003,"海南红树林保护与修复工程信息",government_report,"海南省人民政府","",2025-10,2026-05-25,https://en.hainan.gov.cn/hainan/zdjsxm/202510/d9dd6ae78ac74071aa8995d56dd633e7.shtml,"","海南省","2025","HTML","","政府网页使用限制待复核",B,core,hainan_blue_carbon_core,t_data_source,"restoration_project;policy_note","页面时间需后续复核","修复工程背景"
SRC-GMW-001,"Global Mangrove Watch",remote_sensing_platform,"Global Mangrove Watch","",ongoing,2026-05-25,https://globalmangrovewatch.org/,"","全球含海南","1996-2020及后续版本","Web map/API","","按数据集页面许可和引用要求执行",A,satellite,hainan_blue_carbon_satellite,t_satellite_product_metadata,"product_name;year;extent;download_link","不下载大体量文件","红树林分布平台"
SRC-GMW-002,"Global Mangrove Watch 1996-2020 Version 3.0",remote_sensing_dataset,"Global Mangrove Watch/Zenodo","",2022,2026-05-25,https://zenodo.org/records/6894273,10.5281/zenodo.6894273,"全球含海南","1996-2020","GeoTIFF;vector;tiles",https://zenodo.org/records/6894273,"Zenodo 页面许可和 DOI 引用要求",A,satellite,hainan_blue_carbon_satellite,t_satellite_product_metadata,"year;mangrove_extent;resolution;doi;download_url","冷数据登记;不入仓大文件","文昌红树林分布优先来源"
SRC-RS-001,"Sentinel-2 MSI Level-2A Surface Reflectance Harmonized",remote_sensing_product,"ESA/Copernicus;Google Earth Engine","",2015-present,2026-05-25,https://developers.google.com/earth-engine/datasets/catalog/COPERNICUS_S2_SR_HARMONIZED,"","全球含海南","2015至今","GEE ImageCollection","","GEE 和 Copernicus 使用条款",A,satellite,hainan_blue_carbon_satellite,t_satellite_product_metadata,"bands;SCL;QA;cloud_percentage;resolution","需 GEE 计算区域统计","NDVI和红树林分类候选"
SRC-RS-002,"MODIS MOD17A3HGF GPP/NPP",remote_sensing_product,"NASA LP DAAC;Google Earth Engine","",2000-present,2026-05-25,https://developers.google.com/earth-engine/datasets/catalog/MODIS_061_MOD17A3HGF,"","全球含海南","2000至今","GEE ImageCollection","","NASA LP DAAC 使用和引用要求",A,flux,hainan_blue_carbon_flux,t_flux_or_proxy_candidate,"Gpp;Npp;quality;year","替代通量指标;is_proxy=1","适合无通量塔阶段"
SRC-RS-003,"Landsat Collection 2 Level-2 Science Products",remote_sensing_product,"USGS/NASA","",1982-present,2026-05-25,https://www.usgs.gov/landsat-missions/landsat-collection-2-level-2-science-products,"","全球含海南","1982至今","GeoTIFF;GEE ImageCollection","","USGS/NASA 开放数据政策",A,satellite,hainan_blue_carbon_satellite,t_satellite_product_metadata,"surface_reflectance;QA_PIXEL;date;path_row","需云掩膜和区域裁剪","长期变化分析"
SRC-RS-004,"NASA ORNL DAAC 红树林生物量或冠层高度产品线索",remote_sensing_platform,"NASA ORNL DAAC","",various,2026-05-25,https://daac.ornl.gov/,"","全球或区域","多版本","GeoTIFF;NetCDF;CSV","","ORNL DAAC 数据引用要求",A,satellite,hainan_blue_carbon_core,t_data_asset_index,"doi;variable;resolution;download_url","本轮未锁定单一 DOI","下一轮精查"
SRC-LIT-001,"Composition and distribution of soil organic carbon in mangroves: a case study from Bamen Bay",journal_article,"MDPI Water","论文作者见期刊页面",2022,2026-05-25,https://www.mdpi.com/2073-4441/14/20/3278,10.3390/w14203278,"文昌八门湾","论文采样期见正文","HTML;PDF",https://www.mdpi.com/2073-4441/14/20/3278/pdf,"CC BY 许可",A,literature,hainan_blue_carbon_intl,t_literature_carbon_record,"SOC;soil_depth;vegetation_type;site","表号页码待人工复核","文昌 SOC 核心来源"
SRC-LIT-002,"Accounting of blue carbon and greenhouse gas emissions in Hainan Province",journal_article,"Frontiers in Marine Science","论文作者见期刊页面",2022,2026-05-25,https://www.frontiersin.org/journals/marine-science/articles/10.3389/fmars.2022.932984/full,10.3389/fmars.2022.932984,"海南省","论文统计期见正文","HTML;PDF",https://www.frontiersin.org/journals/marine-science/articles/10.3389/fmars.2022.932984/pdf,"CC BY 许可",A,literature,hainan_blue_carbon_intl,t_literature_carbon_record,"ecosystem_type;carbon_inventory;ghg_emission;method","省域统计不能拆为样木明细","省级清单和 GHG 方法"
SRC-LIT-003,"Assessment of Mangrove Carbon Stock in Hainan Island",journal_abstract,"Journal of Resources and Ecology","论文作者见期刊页面",2022,2026-05-25,https://www.jorae.cn/CN/10.5814/j.issn.1674-764x.2022.03.010,10.5814/j.issn.1674-764x.2022.03.010,"海南岛","论文期见正文","HTML","","期刊版权限制",B,literature,hainan_blue_carbon_intl,t_literature_carbon_record,"carbon_stock;method;region","当前只记录摘要级信息","待获取正式表格"
SRC-METHOD-001,"2013 Supplement to the 2006 IPCC Guidelines for National Greenhouse Gas Inventories: Wetlands",methodology,"IPCC","",2013,2026-05-25,https://www.ipcc-nggip.iges.or.jp/public/wetlands/,"","全球","2013","PDF",https://www.ipcc-nggip.iges.or.jp/public/wetlands/,"IPCC 使用条款",A,knowledge,hainan_blue_carbon_knowledge,blue_carbon_knowledge_sources,"carbon_pool;emission_factor;method","方法来源;不直接作为数值数据","AI 碳助手候选"
SRC-METHOD-002,"Coastal Blue Carbon Methods Manual",methodology,"Blue Carbon Initiative","Howard et al.",2014,2026-05-25,https://www.thebluecarboninitiative.org/manual,"","全球","2014","PDF","","页面许可需复核",A,knowledge,hainan_blue_carbon_knowledge,blue_carbon_knowledge_sources,"field_sampling;soil_carbon;biomass_measurement","方法来源;不直接作为数值数据","样方调查规范参考"
SRC-METHOD-003,"VM0033 Methodology for Tidal Wetland and Seagrass Restoration",methodology,"Verra","",v2.1,2026-05-25,https://verra.org/methodologies/vm0033-methodology-for-tidal-wetland-and-seagrass-restoration-v2-1/,"","全球","v2.1","HTML;PDF","","Verra 文档条款",A,knowledge,hainan_blue_carbon_knowledge,blue_carbon_knowledge_sources,"project_boundary;baseline;monitoring;verification","核证方法;不作为数值数据","报告模板和合规模块"
SRC-ALLO-001,"BAAD Biomass And Allometry Database",allometry_dataset,"BAAD authors/GitHub","Falster et al. and contributors",various,2026-05-25,https://github.com/dfalster/baad,"","全球","多版本","CSV;RData",https://github.com/dfalster/baad,"仓库许可和论文引用需保留",A,model,hainan_blue_carbon_model,t_model_reference_dataset,"dbh;height;biomass;species;site","非海南专属","CatBoost 参考变量"
SRC-ALLO-002,"Tallo tree allometry and crown architecture database",allometry_dataset,"Zenodo/论文作者","",various,2026-05-25,https://zenodo.org/,"","全球","多版本","CSV","","具体记录许可需复核",A,model,hainan_blue_carbon_intl,t_allometric_dataset,"height;crown;dbh;species","需锁定版本 DOI","模型参考候选"
SRC-LOCAL-001,"HNBLUE V2.0 数据库与数据治理上下文",repository_context,"HNBLUE 项目","",2026-05-25,2026-05-25,docs/context/04_database_and_data_context.md,"","HNBLUE 仓库","2026-05-25","Markdown","","仓库内部上下文",A,core,hainan_blue_carbon_core,t_data_source,"schema_boundary;target_tables;cold_hot_storage","hnblue_v2_schema.sql 当前未找到","字段映射依据"
