record_id,source_id,source_name,source_url,source_type,region_id,region_name,region_level,year_or_period,year_start,year_end,indicator_code,indicator_name,indicator_label,indicator_group,value,unit,method,quality_level,is_proxy,is_simulated,database_target,frontend_group,display_priority,notes
SPAL-00001,SRC_LIT_BAMEN_SOC_2022,Spatial Variation of Soil Organic Carbon from Bamen Bay Mangrove in Southern China,https://www.mdpi.com/2073-4441/14/20/3278,peer_reviewed_literature,REG_WENCHANG,文昌市,CITY,2022,2022,2022,MANGROVE_SPECIES_COUNT,mangrove_species_count,红树植物物种数,species_allometry,24.0,count,text_value; Study area; 原文 contains 24 mangrove species,A,0,0,intl.species_allometry_record,species_allometry,10,物种丰富度
SPAL-00002,SRC_LIT_BAMEN_SOC_2022,Spatial Variation of Soil Organic Carbon from Bamen Bay Mangrove in Southern China,https://www.mdpi.com/2073-4441/14/20/3278,peer_reviewed_literature,REG_WENCHANG,文昌市,CITY,2022,2022,2022,DOMINANT_SPECIES_PRESENCE,dominant_species_presence,优势种出现记录,species_allometry,1.0,presence,text_value; Study area; 存在记录,A,0,0,intl.species_allometry_record,species_allometry,10,TI 站点优势种
SPAL-00003,SRC_GOV_HI_BLUE_CARBON_2023,海南蓝碳政府公开信息,https://en.hainan.gov.cn/hainan/zmgyshj/202307/3f612bd40e1941a080bf7abef3b71c69.shtml,government_public_page,REG_HI,海南省,PROVINCE,2022,2022,2022,MANGROVE_SPECIES_COUNT,mangrove_species_count,红树植物物种数,species_allometry,37.0,count,text_value; government_page; 政府页面统计,B,0,0,intl.species_allometry_record,species_allometry,10,海南有 37 种红树植物
SPAL-00004,SRC_LIT_BAMEN_SOC_2022,Bamen Bay SOC paper,https://www.mdpi.com/2073-4441/14/20/3278,peer_reviewed_literature,REG_WENCHANG,文昌市,CITY,2022,2022,2022,MANGROVE_SPECIES_COUNT,mangrove_species_count,红树植物物种数,species_allometry,24.0,count,text_value; Study area; 论文研究区统计,A,0,0,intl.species_allometry_record,species_allometry,10,八门湾保护区物种数
SPAL-00005,SRC_LIT_BAMEN_SOC_2022,Bamen Bay SOC paper,https://www.mdpi.com/2073-4441/14/20/3278,peer_reviewed_literature,REG_WENCHANG,文昌市,CITY,2022,2022,2022,PRESENCE,presence,物种出现记录,species_allometry,1.0,presence,text_value; Study area; 物种存在记录,A,0,0,intl.species_allometry_record,species_allometry,10,近海/潮汐入口群落优势种
SPAL-00006,SRC_LIT_BAMEN_SOC_2022,Bamen Bay SOC paper,https://www.mdpi.com/2073-4441/14/20/3278,peer_reviewed_literature,REG_WENCHANG,文昌市,CITY,2022,2022,2022,PRESENCE,presence,物种出现记录,species_allometry,1.0,presence,text_value; Study area; 物种存在记录,A,0,0,intl.species_allometry_record,species_allometry,10,上游河口优势种之一
SPAL-00007,SRC_LIT_BAMEN_SOC_2022,Bamen Bay SOC paper,https://www.mdpi.com/2073-4441/14/20/3278,peer_reviewed_literature,REG_WENCHANG,文昌市,CITY,2022,2022,2022,PRESENCE,presence,物种出现记录,species_allometry,1.0,presence,text_value; Study area; 物种存在记录,A,0,0,intl.species_allometry_record,species_allometry,10,下游河口优势种之一
SPAL-00008,SRC_LIT_BAMEN_SOC_2022,Bamen Bay SOC paper,https://www.mdpi.com/2073-4441/14/20/3278,peer_reviewed_literature,REG_WENCHANG,文昌市,CITY,2022,2022,2022,PRESENCE,presence,物种出现记录,species_allometry,1.0,presence,manual_catalog; Study area; 研究区物种候选,A,0,0,intl.species_allometry_record,species_allometry,10,八门湾/海南常见红树植物，需样方记录复核
SPAL-00009,SRC_LIT_BAMEN_SOC_2022,Bamen Bay SOC paper,https://www.mdpi.com/2073-4441/14/20/3278,peer_reviewed_literature,REG_WENCHANG,文昌市,CITY,2022,2022,2022,PRESENCE,presence,物种出现记录,species_allometry,1.0,presence,manual_catalog; Study area; 研究区物种候选,A,0,0,intl.species_allometry_record,species_allometry,10,白骨壤
SPAL-00010,SRC_LIT_BAMEN_SOC_2022,Bamen Bay SOC paper,https://www.mdpi.com/2073-4441/14/20/3278,peer_reviewed_literature,REG_WENCHANG,文昌市,CITY,2022,2022,2022,PRESENCE,presence,物种出现记录,species_allometry,1.0,presence,manual_catalog; Study area; 研究区物种候选,A,0,0,intl.species_allometry_record,species_allometry,10,海漆
SPAL-00011,SRC_LIT_BAMEN_SOC_2022,Bamen Bay SOC paper,https://www.mdpi.com/2073-4441/14/20/3278,peer_reviewed_literature,REG_WENCHANG,文昌市,CITY,2022,2022,2022,PRESENCE,presence,物种出现记录,species_allometry,1.0,presence,manual_catalog; Study area; 研究区物种候选,A,0,0,intl.species_allometry_record,species_allometry,10,榄李
SPAL-00012,SRC_LIT_BAMEN_SOC_2022,Bamen Bay SOC paper,https://www.mdpi.com/2073-4441/14/20/3278,peer_reviewed_literature,REG_WENCHANG,文昌市,CITY,2022,2022,2022,PRESENCE,presence,物种出现记录,species_allometry,1.0,presence,manual_catalog; Study area; 研究区物种候选,A,0,0,intl.species_allometry_record,species_allometry,10,角果木
SPAL-00013,SRC_LIT_BAMEN_SOC_2022,Bamen Bay SOC paper,https://www.mdpi.com/2073-4441/14/20/3278,peer_reviewed_literature,REG_WENCHANG,文昌市,CITY,2022,2022,2022,PRESENCE,presence,物种出现记录,species_allometry,1.0,presence,manual_catalog; Study area; 研究区物种候选,A,0,0,intl.species_allometry_record,species_allometry,10,银叶树
SPAL-00014,SRC_LIT_BAMEN_SOC_2022,Bamen Bay SOC paper,https://www.mdpi.com/2073-4441/14/20/3278,peer_reviewed_literature,REG_WENCHANG,文昌市,CITY,2022,2022,2022,PRESENCE,presence,物种出现记录,species_allometry,1.0,presence,manual_catalog; Study area; 研究区物种候选,A,0,0,intl.species_allometry_record,species_allometry,10,老鼠簕
SPAL-00015,SRC_LIT_BAMEN_SOC_2022,Bamen Bay SOC paper,https://www.mdpi.com/2073-4441/14/20/3278,peer_reviewed_literature,REG_WENCHANG,文昌市,CITY,2022,2022,2022,PRESENCE,presence,物种出现记录,species_allometry,1.0,presence,manual_catalog; Study area; 研究区物种候选,A,0,0,intl.species_allometry_record,species_allometry,10,卤蕨
SPAL-00016,SRC_LIT_BAMEN_SOC_2022,Bamen Bay SOC paper,https://www.mdpi.com/2073-4441/14/20/3278,peer_reviewed_literature,REG_WENCHANG,文昌市,CITY,2022,2022,2022,PRESENCE,presence,物种出现记录,species_allometry,1.0,presence,manual_catalog; Study area; 研究区物种候选,A,0,0,intl.species_allometry_record,species_allometry,10,鱼藤
SPAL-00017,SRC_LIT_BAMEN_SOC_2022,Bamen Bay SOC paper,https://www.mdpi.com/2073-4441/14/20/3278,peer_reviewed_literature,REG_WENCHANG,文昌市,CITY,2022,2022,2022,PRESENCE,presence,物种出现记录,species_allometry,1.0,presence,manual_catalog; Study area; 研究区物种候选,A,0,0,intl.species_allometry_record,species_allometry,10,黄槿，半红树植物候选
SPAL-00018,SRC_ALLO_KOMIYAMA_2005,Common allometric equations for estimating the tree weight of mangroves,https://link.springer.com/article/10.1007/s11284-005-0088-4,peer_reviewed_literature,REG_GLOBAL,全球,OTHER,2005,2005,2005,EQUATION_A,equation_a,异速方程系数 a,species_allometry,0.251,coefficient,abstract_value; Equation; Wtop=0.251*rho*D^2.46,A,0,0,intl.species_allometry_record,species_allometry,10,D cm; rho g/cm3; W kg
SPAL-00019,SRC_ALLO_KOMIYAMA_2005,Common allometric equations for estimating the tree weight of mangroves,https://link.springer.com/article/10.1007/s11284-005-0088-4,peer_reviewed_literature,REG_GLOBAL,全球,OTHER,2005,2005,2005,EQUATION_B,equation_b,异速方程指数 b,species_allometry,2.46,exponent,abstract_value; Equation; Wtop=0.251*rho*D^2.46,A,0,0,intl.species_allometry_record,species_allometry,10,通用地上生物量方程
SPAL-00020,SRC_ALLO_KOMIYAMA_2005,Common allometric equations for estimating the tree weight of mangroves,https://link.springer.com/article/10.1007/s11284-005-0088-4,peer_reviewed_literature,REG_GLOBAL,全球,OTHER,2005,2005,2005,EQUATION_A,equation_a,异速方程系数 a,species_allometry,0.199,coefficient,abstract_value; Equation; Wr=0.199*rho^0.899*D^2.22,A,0,0,intl.species_allometry_record,species_allometry,10,通用根生物量方程
SPAL-00021,SRC_ALLO_KOMIYAMA_2005,Common allometric equations for estimating the tree weight of mangroves,https://link.springer.com/article/10.1007/s11284-005-0088-4,peer_reviewed_literature,REG_GLOBAL,全球,OTHER,2005,2005,2005,EQUATION_B,equation_b,异速方程指数 b,species_allometry,2.22,exponent,abstract_value; Equation; Wr=0.199*rho^0.899*D^2.22,A,0,0,intl.species_allometry_record,species_allometry,10,D 指胸径
SPAL-00022,SRC_LIT_HI_GHG_2022,Hainan blue carbon inventory,https://www.frontiersin.org/journals/marine-science/articles/10.3389/fmars.2022.932984/full,peer_reviewed_literature,REG_HI,海南省,PROVINCE,2010-2020,2010,2020,ROOT_SHOOT_RATIO,root_shoot_ratio,根冠比,species_allometry,0.49,ratio,table_value; Table 3; BT=EF_AGB*(1+R)+EF_SOC,A,0,0,intl.species_allometry_record,species_allometry,10,海南清单采用 R=0.49
