source_id,source_name,source_url,source_type,quality_level,is_simulated,record_count,proxy_count,direct_count,locked_high_value_source,database_target,notes
SRC_LIT_BAMEN_SOC_2022,Spatial Variation of Soil Organic Carbon from Bamen Bay Mangrove in Southern China,https://www.mdpi.com/2073-4441/14/20/3278,peer_reviewed_study_area_text,A,0,32,0,32,1,intl.literature_carbon_record;intl.species_allometry_record;satellite.public_area_observation,Normalized source summary for frontend filter and V2.0 ingest mapping.
SRC_LIT_FORESTS_HI_MANGROVE_RS_2023,"Using Medium-Resolution Remote Sensing Satellite Images to Evaluate Recent Changes and Future Development Trends of Mangrove Forests on Hainan Island, China",https://www.mdpi.com/1999-4907/14/11/2217,peer_reviewed_remote_sensing_table,A,0,225,0,225,1,satellite.public_area_observation;satellite.public_remote_sensing_metric,Normalized source summary for frontend filter and V2.0 ingest mapping.
SRC_LIT_FRONTIERS_HI_LULC_INVEST_2024,The impact of land use change on carbon storage and multi-scenario prediction in Hainan Island using InVEST and CA-Markov models,https://www.frontiersin.org/journals/forests-and-global-change/articles/10.3389/ffgc.2024.1349057/full,peer_reviewed_remote_sensing_model_table,A,0,84,30,54,1,satellite.public_remote_sensing_metric,Normalized source summary for frontend filter and V2.0 ingest mapping.
SRC_LIT_HI_GHG_2022,Incorporating coastal blue carbon into subnational greenhouse gas inventories,https://www.frontiersin.org/journals/marine-science/articles/10.3389/fmars.2022.932984/full,peer_reviewed_inventory_table,A,0,56,19,37,1,intl.literature_carbon_record;intl.species_allometry_record;satellite.public_area_observation,Normalized source summary for frontend filter and V2.0 ingest mapping.
SRC_ALLO_KOMIYAMA_2005,Common allometric equations for estimating the tree weight of mangroves,https://link.springer.com/article/10.1007/s11284-005-0088-4,peer_reviewed_literature,A,0,5,0,5,0,intl.literature_carbon_record;intl.species_allometry_record,Normalized source summary for frontend filter and V2.0 ingest mapping.
SRC_BAAD_BIOMASS_AND_ALLOMETRY_DATABASE,BAAD Biomass And Allometry Database,https://github.com/dfalster/baad,public_numeric_record,A,0,3,0,3,0,intl.literature_carbon_record,Normalized source summary for frontend filter and V2.0 ingest mapping.
SRC_GOV_HI_BLUE_CARBON_2023,海南发挥环境资源优势与自贸港政策优势，积极推动蓝碳事业发展,https://en.hainan.gov.cn/hainan/zmgyshj/202307/3f612bd40e1941a080bf7abef3b71c69.shtml,government_public_page,B,0,7,0,7,0,intl.literature_carbon_record;intl.species_allometry_record,Normalized source summary for frontend filter and V2.0 ingest mapping.
SRC_IPCC_WETLANDS_SUPPLEMENT,IPCC Wetlands Supplement,https://www.ipcc-nggip.iges.or.jp/public/wetlands/,allometry_method_literature,A,0,1,0,1,0,intl.literature_carbon_record,Normalized source summary for frontend filter and V2.0 ingest mapping.
SRC_TALLO_GLOBAL_TREE_ALLOMETRY_DATABASE,Tallo global tree allometry database,https://zenodo.org/,public_numeric_record,B,0,1,0,1,0,intl.literature_carbon_record,Normalized source summary for frontend filter and V2.0 ingest mapping.
