seq,group,username_category,http_status,elapsed_ms,error_type
1,missing_user_60,missing_user_primary,401,39,invalid_credentials
2,missing_user_60,missing_user_primary,401,16,invalid_credentials
3,missing_user_60,missing_user_primary,401,14,invalid_credentials
4,missing_user_60,missing_user_primary,401,16,invalid_credentials
5,missing_user_60,missing_user_primary,401,25,invalid_credentials
6,missing_user_60,missing_user_primary,401,13,invalid_credentials
7,missing_user_60,missing_user_primary,401,33,invalid_credentials
8,missing_user_60,missing_user_primary,401,14,invalid_credentials
9,missing_user_60,missing_user_primary,401,13,invalid_credentials
10,missing_user_60,missing_user_primary,401,14,invalid_credentials
11,missing_user_60,missing_user_primary,429,32,rate_limited
12,missing_user_60,missing_user_primary,429,4,rate_limited
13,missing_user_60,missing_user_primary,429,19,rate_limited
14,missing_user_60,missing_user_primary,429,5,rate_limited
15,missing_user_60,missing_user_primary,429,26,rate_limited
16,missing_user_60,missing_user_primary,429,5,rate_limited
17,missing_user_60,missing_user_primary,429,5,rate_limited
18,missing_user_60,missing_user_primary,429,5,rate_limited
19,missing_user_60,missing_user_primary,429,16,rate_limited
20,missing_user_60,missing_user_primary,429,15,rate_limited
21,missing_user_60,missing_user_primary,429,4,rate_limited
22,missing_user_60,missing_user_primary,429,5,rate_limited
23,missing_user_60,missing_user_primary,429,5,rate_limited
24,missing_user_60,missing_user_primary,429,5,rate_limited
25,missing_user_60,missing_user_primary,429,27,rate_limited
26,missing_user_60,missing_user_primary,429,16,rate_limited
27,missing_user_60,missing_user_primary,429,15,rate_limited
28,missing_user_60,missing_user_primary,429,15,rate_limited
29,missing_user_60,missing_user_primary,429,4,rate_limited
30,missing_user_60,missing_user_primary,429,4,rate_limited
31,missing_user_60,missing_user_primary,429,21,rate_limited
32,missing_user_60,missing_user_primary,429,15,rate_limited
33,missing_user_60,missing_user_primary,429,5,rate_limited
34,missing_user_60,missing_user_primary,429,4,rate_limited
35,missing_user_60,missing_user_primary,429,21,rate_limited
36,missing_user_60,missing_user_primary,429,4,rate_limited
37,missing_user_60,missing_user_primary,429,26,rate_limited
38,missing_user_60,missing_user_primary,429,16,rate_limited
39,missing_user_60,missing_user_primary,429,5,rate_limited
40,missing_user_60,missing_user_primary,429,5,rate_limited
41,missing_user_60,missing_user_primary,429,5,rate_limited
42,missing_user_60,missing_user_primary,429,5,rate_limited
43,missing_user_60,missing_user_primary,429,5,rate_limited
44,missing_user_60,missing_user_primary,429,21,rate_limited
45,missing_user_60,missing_user_primary,429,5,rate_limited
46,missing_user_60,missing_user_primary,429,24,rate_limited
47,missing_user_60,missing_user_primary,429,5,rate_limited
48,missing_user_60,missing_user_primary,429,5,rate_limited
49,missing_user_60,missing_user_primary,429,5,rate_limited
50,missing_user_60,missing_user_primary,429,5,rate_limited
51,missing_user_60,missing_user_primary,429,6,rate_limited
52,missing_user_60,missing_user_primary,429,5,rate_limited
53,missing_user_60,missing_user_primary,429,5,rate_limited
54,missing_user_60,missing_user_primary,429,5,rate_limited
55,missing_user_60,missing_user_primary,429,5,rate_limited
56,missing_user_60,missing_user_primary,429,5,rate_limited
57,missing_user_60,missing_user_primary,429,5,rate_limited
58,missing_user_60,missing_user_primary,429,5,rate_limited
59,missing_user_60,missing_user_primary,429,29,rate_limited
60,missing_user_60,missing_user_primary,429,4,rate_limited
61,missing_user_4x5,missing_user_multi,401,38,invalid_credentials
62,missing_user_4x5,missing_user_multi,401,14,invalid_credentials
63,missing_user_4x5,missing_user_multi,401,32,invalid_credentials
64,missing_user_4x5,missing_user_multi,401,15,invalid_credentials
65,missing_user_4x5,missing_user_multi,401,32,invalid_credentials
66,missing_user_4x5,missing_user_multi,401,15,invalid_credentials
67,missing_user_4x5,missing_user_multi,401,14,invalid_credentials
68,missing_user_4x5,missing_user_multi,401,14,invalid_credentials
69,missing_user_4x5,missing_user_multi,401,28,invalid_credentials
70,missing_user_4x5,missing_user_multi,401,33,invalid_credentials
71,missing_user_4x5,missing_user_multi,429,11,rate_limited
72,missing_user_4x5,missing_user_multi,429,5,rate_limited
73,missing_user_4x5,missing_user_multi,429,9,rate_limited
74,missing_user_4x5,missing_user_multi,429,6,rate_limited
75,missing_user_4x5,missing_user_multi,429,21,rate_limited
76,missing_user_4x5,missing_user_multi,429,5,rate_limited
77,missing_user_4x5,missing_user_multi,429,26,rate_limited
78,missing_user_4x5,missing_user_multi,429,5,rate_limited
79,missing_user_4x5,missing_user_multi,429,25,rate_limited
80,missing_user_4x5,missing_user_multi,429,15,rate_limited
81,real_user_10,real_user_authorized,401,48,invalid_credentials
82,real_user_10,real_user_authorized,401,51,invalid_credentials
83,real_user_10,real_user_authorized,401,54,invalid_credentials
84,real_user_10,real_user_authorized,401,65,invalid_credentials
85,real_user_10,real_user_authorized,401,41,invalid_credentials
86,real_user_10,real_user_authorized,401,53,invalid_credentials
87,real_user_10,real_user_authorized,401,41,invalid_credentials
88,real_user_10,real_user_authorized,401,45,invalid_credentials
89,real_user_10,real_user_authorized,401,56,invalid_credentials
90,real_user_10,real_user_authorized,401,63,invalid_credentials
91,real_admin_10,real_admin_authorized,200,14,login_success
92,real_admin_10,real_admin_authorized,200,35,login_success
93,real_admin_10,real_admin_authorized,200,32,login_success
94,real_admin_10,real_admin_authorized,200,12,login_success
95,real_admin_10,real_admin_authorized,200,34,login_success
96,real_admin_10,real_admin_authorized,200,32,login_success
97,real_admin_10,real_admin_authorized,200,31,login_success
98,real_admin_10,real_admin_authorized,200,13,login_success
99,real_admin_10,real_admin_authorized,200,30,login_success
100,real_admin_10,real_admin_authorized,200,12,login_success
